{
  "project_info": {
    "project_number": "746109946324",
    "firebase_url": "https://projectseg-9aea8.firebaseio.com",
    "project_id": "projectseg-9aea8",
    "storage_bucket": "projectseg-9aea8.appspot.com"
  },
  "client": [
    {
      "client_info": {
        "mobilesdk_app_id": "1:746109946324:android:42b6e67ecc1da651",
        "android_client_info": {
          "package_name": "com.example.karl.serviceapp"
        }
      },
      "oauth_client": [
        {
          "client_id": "746109946324-9r49c2qjqn213h1e5knfue3vtc53nldr.apps.googleusercontent.com",
          "client_type": 1,
          "android_info": {
            "package_name": "com.example.karl.serviceapp",
            "certificate_hash": "08707eda48883dc2a272ead77b93bb30130508e4"
          }
        },
        {
          "client_id": "746109946324-2fv2i5adqespttndvd1rol4j0qr39oft.apps.googleusercontent.com",
          "client_type": 3
        }
      ],
      "api_key": [
        {
          "current_key": "AIzaSyB6WlgYfM4l53uwxCG_WRfrjKK7Mm1MlcM"
        }
      ],
      "services": {
        "analytics_service": {
          "status": 1
        },
        "appinvite_service": {
          "status": 2,
          "other_platform_oauth_client": [
            {
              "client_id": "746109946324-2fv2i5adqespttndvd1rol4j0qr39oft.apps.googleusercontent.com",
              "client_type": 3
            }
          ]
        },
        "ads_service": {
          "status": 2
        }
      }
    }
  ],
  "configuration_version": "1"
}